instructorID,topicID
1,1
1,2
1,3
1,4
1,17
1,18
1,1293
1,10000
1,10001
1,10002
1,10003
1,10004
1,10005
1,10006
1,10007
1,10009
1,10015
1,10020
1,10211
1,10249
2,5
2,6
2,7
2,8
2,19
2,51
2,302
2,10000
2,10001
2,10010
2,10011
2,10012
2,10013
2,10014
2,10017
2,10021
2,10022
2,10032
2,10172
2,10211
2,10224
3,9
3,10
3,11
3,12
3,13
3,14
3,51
3,52
3,809
3,811
3,10000
3,10001
3,10006
3,10007
3,10013
3,10014
3,10015
3,10016
3,10017
3,10018
3,10019
3,10211
3,10224
4,15
4,16
4,17
4,18
4,946
4,10000
4,10006
4,10007
4,10015
4,10020
4,10211
5,19
5,20
5,10017
5,10021
5,10022
5,10023
5,10224
6,21
6,22
6,23
6,24
6,25
6,26
6,27
6,28
6,10000
6,10001
6,10006
6,10013
6,10020
6,10024
6,10025
6,10026
6,10027
6,10028
6,10029
6,10030
6,10031
6,10032
6,10033
6,10211
6,10244
6,10278
7,29
7,30
7,950
7,951
7,952
7,10000
7,10010
7,10011
7,10032
7,10034
7,10035
7,10037
7,10040
7,10056
7,10163
7,10170
7,10172
7,10211
8,11
8,31
8,32
8,33
8,799
8,1183
8,1184
8,1185
8,10000
8,10001
8,10013
8,10014
8,10017
8,10021
8,10024
8,10036
8,10037
8,10042
8,10056
8,10163
8,10211
8,10224
9,2
9,17
9,34
9,35
9,36
9,10000
9,10003
9,10004
9,10005
9,10006
9,10007
9,10015
9,10020
9,10026
9,10027
9,10028
9,10211
9,10249
9,10278
10,37
10,38
10,39
10,40
10,41
10,10017
10,10018
10,10019
10,10021
10,10036
10,10224
11,17
11,30
11,42
11,43
11,84
11,950
11,1204
11,1205
11,10000
11,10003
11,10004
11,10005
11,10006
11,10015
11,10020
11,10024
11,10026
11,10027
11,10028
11,10032
11,10035
11,10042
11,10211
11,10249
11,10278
12,11
12,44
12,45
12,46
12,81
12,958
12,959
12,10000
12,10001
12,10002
12,10013
12,10014
12,10024
12,10025
12,10211
13,42
13,48
13,49
13,50
13,1165
13,10000
13,10026
13,10027
13,10028
13,10032
13,10037
13,10038
13,10039
13,10040
13,10041
13,10163
13,10211
13,10278
14,6
14,51
14,52
14,53
14,54
14,55
14,828
14,1233
14,1234
14,10000
14,10001
14,10006
14,10007
14,10013
14,10014
14,10024
14,10042
14,10211
15,50
15,56
15,57
15,58
15,10000
15,10006
15,10024
15,10032
15,10040
15,10041
15,10042
15,10211
16,2
16,17
16,59
16,60
16,10000
16,10003
16,10004
16,10005
16,10006
16,10015
16,10024
16,10042
16,10211
16,10249
17,19
17,61
17,62
17,63
17,302
17,1307
17,1308
17,10000
17,10006
17,10007
17,10017
17,10021
17,10022
17,10032
17,10033
17,10044
17,10046
17,10049
17,10192
17,10193
17,10202
17,10211
17,10224
18,34
18,1077
18,1078
18,1079
18,1081
18,10000
18,10001
18,10006
18,10007
18,10014
18,10017
18,10021
18,10022
18,10211
18,10224
18,10277
19,2
19,42
19,64
19,65
19,84
19,1005
19,1006
19,10000
19,10003
19,10004
19,10005
19,10006
19,10020
19,10026
19,10027
19,10028
19,10047
19,10048
19,10077
19,10211
19,10249
19,10278
20,6
20,7
20,8
20,51
20,52
20,302
20,827
20,828
20,10000
20,10001
20,10006
20,10007
20,10013
20,10014
20,10017
20,10032
20,10058
20,10128
20,10211
20,10224
21,23
21,52
21,66
21,134
21,968
21,969
21,10000
21,10001
21,10014
21,10024
21,10029
21,10032
21,10040
21,10042
21,10211
22,17
22,42
22,67
22,68
22,69
22,778
22,1038
22,1039
22,10000
22,10001
22,10002
22,10003
22,10006
22,10007
22,10015
22,10026
22,10027
22,10028
22,10032
22,10040
22,10047
22,10055
22,10211
22,10249
22,10278
23,51
23,52
23,70
23,72
23,73
23,943
23,10000
23,10001
23,10006
23,10007
23,10013
23,10014
23,10024
23,10042
23,10211
24,6
24,42
24,75
24,76
24,77
24,91
24,302
24,1329
24,1332
24,10000
24,10001
24,10006
24,10013
24,10020
24,10026
24,10027
24,10028
24,10032
24,10035
24,10037
24,10038
24,10039
24,10040
24,10049
24,10050
24,10051
24,10054
24,10163
24,10202
24,10211
24,10278
25,11
25,21
25,23
25,42
25,51
25,53
25,79
25,81
25,943
25,944
25,10000
25,10001
25,10006
25,10007
25,10013
25,10014
25,10024
25,10025
25,10026
25,10027
25,10028
25,10029
25,10211
25,10278
26,6
26,7
26,8
26,51
26,81
26,82
26,115
26,827
26,1091
26,10000
26,10001
26,10013
26,10014
26,10017
26,10024
26,10032
26,10053
26,10058
26,10128
26,10211
26,10224
27,17
27,83
27,84
27,85
27,1151
27,1152
27,1154
27,10000
27,10001
27,10006
27,10010
27,10014
27,10015
27,10020
27,10026
27,10027
27,10028
27,10087
27,10172
27,10211
27,10278
27,10285
28,6
28,7
28,86
28,87
28,10000
28,10001
28,10013
28,10014
28,10024
28,10029
28,10211
29,42
29,77
29,88
29,89
29,10000
29,10006
29,10020
29,10024
29,10026
29,10027
29,10028
29,10032
29,10035
29,10042
29,10211
29,10278
30,6
30,11
30,42
30,75
30,90
30,91
30,103
30,799
30,952
30,1043
30,10000
30,10001
30,10013
30,10026
30,10027
30,10028
30,10032
30,10037
30,10038
30,10039
30,10040
30,10049
30,10050
30,10051
30,10054
30,10056
30,10163
30,10202
30,10211
30,10278
30,10301
31,17
31,42
31,50
31,51
31,53
31,93
31,302
31,933
31,934
31,935
31,10000
31,10001
31,10002
31,10003
31,10006
31,10007
31,10014
31,10015
31,10026
31,10027
31,10028
31,10032
31,10041
31,10062
31,10211
31,10232
31,10249
31,10278
32,84
32,94
32,95
32,96
32,134
32,778
32,1086
32,1088
32,10000
32,10001
32,10002
32,10003
32,10004
32,10005
32,10006
32,10020
32,10024
32,10042
32,10047
32,10055
32,10211
32,10249
32,10303
33,6
33,42
33,45
33,56
33,69
33,97
33,134
33,1287
33,1289
33,10000
33,10001
33,10002
33,10013
33,10024
33,10026
33,10027
33,10028
33,10032
33,10040
33,10041
33,10042
33,10211
33,10278
34,2
34,84
34,95
34,99
34,100
34,101
34,134
34,10000
34,10003
34,10004
34,10005
34,10006
34,10020
34,10024
34,10025
34,10042
34,10047
34,10055
34,10211
34,10249
35,91
35,102
35,103
35,104
35,10000
35,10001
35,10013
35,10017
35,10037
35,10038
35,10054
35,10056
35,10057
35,10058
35,10059
35,10163
35,10211
35,10224
36,7
36,82
36,10000
36,10001
36,10014
36,10024
36,10053
36,10211
38,105
38,106
38,107
38,108
38,1155
38,10003
38,10030
38,10031
38,10047
38,10060
38,10061
38,10062
38,10244
38,10249
39,22
39,42
39,109
39,111
39,112
39,881
39,986
39,987
39,10000
39,10003
39,10017
39,10024
39,10026
39,10027
39,10028
39,10037
39,10038
39,10062
39,10063
39,10064
39,10065
39,10066
39,10143
39,10163
39,10211
39,10224
39,10249
39,10278
40,2
40,42
40,113
40,115
40,10000
40,10003
40,10004
40,10005
40,10026
40,10027
40,10028
40,10032
40,10211
40,10249
40,10278
41,105
41,10030
41,10031
41,10060
41,10244
42,105
42,108
42,116
42,118
42,1155
42,10003
42,10004
42,10030
42,10031
42,10060
42,10062
42,10067
42,10068
42,10069
42,10070
42,10102
42,10244
42,10249
43,7
43,118
43,119
43,10000
43,10001
43,10014
43,10068
43,10069
43,10070
43,10071
43,10102
43,10211
44,108
44,120
44,121
44,122
44,123
44,124
44,10000
44,10003
44,10004
44,10024
44,10062
44,10066
44,10068
44,10069
44,10072
44,10073
44,10074
44,10075
44,10076
44,10102
44,10211
44,10249
45,2
45,125
45,126
45,127
45,134
45,778
45,779
45,780
45,10000
45,10003
45,10004
45,10005
45,10024
45,10042
45,10047
45,10055
45,10067
45,10072
45,10077
45,10211
45,10249
46,105
46,398
46,923
46,924
46,925
46,10003
46,10004
46,10030
46,10031
46,10047
46,10055
46,10060
46,10062
46,10067
46,10076
46,10244
46,10249
46,10299
48,128
48,129
48,130
48,131
48,132
48,1161
48,1162
48,1163
48,1164
48,10003
48,10004
48,10030
48,10031
48,10047
48,10060
48,10062
48,10067
48,10073
48,10074
48,10244
48,10249
49,2
49,13
49,17
49,36
49,84
49,133
49,134
49,135
49,302
49,10000
49,10001
49,10003
49,10004
49,10005
49,10006
49,10015
49,10016
49,10020
49,10024
49,10026
49,10027
49,10028
49,10029
49,10032
49,10042
49,10211
49,10249
49,10278
50,2
50,121
50,136
50,137
50,138
50,1056
50,10000
50,10003
50,10004
50,10005
50,10024
50,10029
50,10042
50,10072
50,10211
50,10249
52,105
52,139
52,140
52,141
52,142
52,816
52,10003
52,10030
52,10031
52,10060
52,10062
52,10063
52,10244
52,10249
53,1036
53,10068
53,10069
53,10070
53,10102
54,2
54,84
54,134
54,136
54,143
54,144
54,1006
54,10000
54,10003
54,10004
54,10005
54,10006
54,10020
54,10024
54,10042
54,10072
54,10077
54,10211
54,10249
55,2
55,91
55,109
55,146
55,147
55,148
55,780
55,10000
55,10003
55,10004
55,10005
55,10024
55,10029
55,10037
55,10038
55,10054
55,10062
55,10063
55,10072
55,10077
55,10163
55,10211
55,10249
58,105
58,398
58,549
58,10003
58,10030
58,10031
58,10047
58,10055
58,10060
58,10084
58,10244
58,10247
58,10249
59,1008
59,1009
59,1010
59,10010
59,10068
59,10086
59,10087
59,10099
59,10102
59,10144
59,10172
60,173
60,769
60,770
60,772
60,10037
60,10056
60,10068
60,10086
60,10099
60,10101
60,10102
60,10163
60,10294
62,149
62,150
62,151
62,152
62,10010
62,10011
62,10017
62,10068
62,10078
62,10079
62,10080
62,10081
62,10082
62,10083
62,10102
62,10172
62,10224
63,118
63,153
63,154
63,202
63,805
63,806
63,807
63,10003
63,10004
63,10030
63,10068
63,10069
63,10070
63,10075
63,10077
63,10084
63,10085
63,10102
63,10244
63,10249
64,118
64,119
64,155
64,156
64,157
64,10010
64,10068
64,10069
64,10070
64,10071
64,10086
64,10087
64,10088
64,10089
64,10102
64,10172
67,108
67,155
67,156
67,157
67,158
67,159
67,160
67,161
67,162
67,163
67,164
67,10003
67,10010
67,10017
67,10049
67,10058
67,10062
67,10068
67,10078
67,10086
67,10087
67,10088
67,10089
67,10090
67,10091
67,10092
67,10093
67,10094
67,10095
67,10096
67,10102
67,10172
67,10202
67,10224
67,10249
68,91
68,165
68,166
68,167
68,168
68,169
68,1221
68,10037
68,10038
68,10054
68,10068
68,10069
68,10071
68,10086
68,10097
68,10098
68,10099
68,10102
68,10163
69,162
69,169
69,171
69,172
69,173
69,174
69,896
69,897
69,898
69,899
69,10037
69,10038
69,10039
69,10054
69,10068
69,10086
69,10096
69,10099
69,10100
69,10102
69,10163
69,10293
70,175
70,176
70,177
70,178
70,179
70,1113
70,1114
70,1115
70,1116
70,1117
70,10010
70,10011
70,10012
70,10037
70,10068
70,10078
70,10086
70,10094
70,10101
70,10102
70,10103
70,10104
70,10105
70,10106
70,10111
70,10163
70,10172
71,19
71,118
71,156
71,162
71,164
71,830
71,10010
71,10017
71,10021
71,10022
71,10068
71,10069
71,10070
71,10087
71,10088
71,10096
71,10097
71,10102
71,10172
71,10224
72,180
72,181
72,182
72,945
72,10010
72,10011
72,10012
72,10026
72,10027
72,10030
72,10068
72,10069
72,10084
72,10102
72,10107
72,10108
72,10172
72,10244
72,10278
73,119
73,183
73,184
73,185
73,1223
73,1224
73,10068
73,10069
73,10071
73,10097
73,10102
73,10110
74,118
74,155
74,156
74,164
74,186
74,187
74,207
74,993
74,10010
74,10037
74,10068
74,10069
74,10070
74,10086
74,10087
74,10088
74,10090
74,10091
74,10102
74,10104
74,10111
74,10163
74,10172
75,188
75,189
75,190
75,191
75,192
75,193
75,10017
75,10026
75,10064
75,10068
75,10086
75,10097
75,10098
75,10099
75,10102
75,10112
75,10113
75,10114
75,10115
75,10224
75,10278
76,155
76,172
76,194
76,195
76,196
76,884
76,885
76,886
76,887
76,10026
76,10068
76,10086
76,10096
76,10100
76,10102
76,10112
76,10116
76,10117
76,10118
76,10267
76,10278
76,10298
77,91
77,155
77,157
77,160
77,164
77,187
77,197
77,198
77,199
77,10010
77,10017
77,10037
77,10038
77,10054
77,10068
77,10078
77,10086
77,10087
77,10089
77,10094
77,10102
77,10104
77,10111
77,10119
77,10120
77,10121
77,10122
77,10123
77,10124
77,10163
77,10172
77,10224
78,200
78,201
78,202
78,203
78,10030
78,10068
78,10069
78,10075
78,10084
78,10085
78,10102
78,10108
78,10244
79,204
79,205
79,206
79,207
79,208
79,10010
79,10049
79,10068
79,10069
79,10071
79,10087
79,10088
79,10092
79,10093
79,10102
79,10172
79,10202
80,204
80,209
80,210
80,211
80,212
80,213
80,214
80,948
80,949
80,10010
80,10017
80,10068
80,10069
80,10071
80,10080
80,10087
80,10088
80,10090
80,10102
80,10108
80,10125
80,10127
80,10172
80,10224
81,118
81,119
81,215
81,1270
81,1271
81,1272
81,10003
81,10047
81,10055
81,10068
81,10069
81,10070
81,10071
81,10075
81,10102
81,10249
82,155
82,164
82,197
82,216
82,1094
82,1095
82,1096
82,10010
82,10037
82,10068
82,10078
82,10086
82,10087
82,10094
82,10102
82,10119
82,10120
82,10163
82,10172
82,10304
83,217
83,218
83,219
83,10000
83,10017
83,10032
83,10040
83,10058
83,10128
83,10211
83,10224
85,220
85,221
85,222
85,223
85,1246
85,1247
85,1248
85,1249
85,10000
85,10010
85,10017
85,10032
85,10033
85,10037
85,10038
85,10049
85,10054
85,10058
85,10090
85,10092
85,10095
85,10119
85,10120
85,10136
85,10163
85,10172
85,10202
85,10211
85,10224
85,10260
86,224
86,225
86,226
86,227
86,228
86,229
86,230
86,10037
86,10104
86,10105
86,10111
86,10129
86,10130
86,10131
86,10163
87,91
87,103
87,221
87,231
87,232
87,233
87,234
87,235
87,237
87,318
87,799
87,921
87,1196
87,10000
87,10001
87,10010
87,10013
87,10017
87,10037
87,10038
87,10054
87,10056
87,10057
87,10058
87,10087
87,10121
87,10123
87,10128
87,10133
87,10134
87,10163
87,10171
87,10172
87,10211
87,10224
88,91
88,102
88,103
88,221
88,229
88,240
88,846
88,10000
88,10001
88,10013
88,10037
88,10038
88,10054
88,10056
88,10057
88,10129
88,10131
88,10163
88,10211
89,221
89,241
89,242
89,243
89,852
89,10037
89,10038
89,10049
89,10054
89,10092
89,10135
89,10136
89,10137
89,10163
89,10202
90,197
90,229
90,244
90,10037
90,10119
90,10120
90,10129
90,10131
90,10138
90,10139
90,10163
91,245
91,246
91,247
91,310
91,758
91,10037
91,10119
91,10121
91,10138
91,10140
91,10141
91,10142
91,10163
91,10167
92,155
92,198
92,248
92,289
92,942
92,10037
92,10049
92,10068
92,10086
92,10102
92,10121
92,10122
92,10138
92,10140
92,10163
92,10199
92,10200
92,10202
93,241
93,920
93,921
93,922
93,10010
93,10049
93,10087
93,10092
93,10135
93,10137
93,10172
93,10202
94,91
94,102
94,1196
94,10017
94,10037
94,10038
94,10054
94,10056
94,10057
94,10058
94,10128
94,10163
94,10224
95,310
95,318
95,1118
95,1119
95,1120
95,10037
95,10038
95,10121
95,10138
95,10163
95,10167
95,10171
95,10180
96,91
96,1199
96,10037
96,10038
96,10039
96,10054
96,10163
97,91
97,251
97,252
97,253
97,254
97,10010
97,10037
97,10038
97,10054
97,10087
97,10089
97,10143
97,10144
97,10163
97,10172
98,158
98,186
98,197
98,255
98,256
98,257
98,10010
98,10037
98,10087
98,10088
98,10090
98,10091
98,10119
98,10120
98,10121
98,10142
98,10163
98,10172
99,258
99,259
99,260
99,261
99,10037
99,10119
99,10145
99,10163
100,42
100,91
100,102
100,104
100,262
100,263
100,264
100,265
100,266
100,10010
100,10011
100,10012
100,10017
100,10026
100,10027
100,10028
100,10037
100,10038
100,10054
100,10056
100,10057
100,10058
100,10059
100,10104
100,10111
100,10146
100,10163
100,10172
100,10224
100,10278
101,255
101,267
101,269
101,10037
101,10121
101,10142
101,10148
101,10163
102,244
102,270
102,10037
102,10138
102,10139
102,10150
102,10163
103,241
103,244
103,271
103,1089
103,10037
103,10049
103,10092
103,10135
103,10137
103,10138
103,10139
103,10163
103,10202
104,229
104,244
104,272
104,273
104,10037
104,10119
104,10120
104,10129
104,10131
104,10138
104,10139
104,10163
105,356
105,1031
105,1032
105,1033
105,1034
105,10037
105,10119
105,10120
105,10145
105,10152
105,10163
106,11
106,91
106,103
106,274
106,275
106,1139
106,1140
106,1141
106,10000
106,10001
106,10010
106,10013
106,10037
106,10038
106,10049
106,10050
106,10054
106,10087
106,10138
106,10144
106,10163
106,10172
106,10180
106,10185
106,10202
106,10211
107,221
107,241
107,242
107,700
107,10037
107,10038
107,10049
107,10054
107,10092
107,10135
107,10136
107,10138
107,10163
107,10181
107,10202
108,91
108,221
108,277
108,278
108,279
108,280
108,281
108,10017
108,10018
108,10037
108,10038
108,10054
108,10119
108,10151
108,10152
108,10163
108,10224
109,869
109,870
109,871
109,10017
109,10037
109,10038
109,10039
109,10123
109,10124
109,10153
109,10163
109,10224
110,91
110,221
110,229
110,282
110,926
110,10017
110,10037
110,10038
110,10054
110,10123
110,10129
110,10130
110,10131
110,10153
110,10163
110,10224
111,283
111,284
111,285
111,286
111,287
111,310
111,1188
111,1189
111,1190
111,1191
111,10010
111,10037
111,10038
111,10054
111,10056
111,10090
111,10121
111,10125
111,10143
111,10163
111,10167
111,10171
111,10172
112,197
112,198
112,289
112,290
112,895
112,10037
112,10049
112,10050
112,10119
112,10120
112,10121
112,10122
112,10154
112,10163
112,10202
113,1216
113,1217
113,1218
113,1219
113,10037
113,10119
113,10120
113,10138
113,10163
113,10180
114,224
114,631
114,1295
114,1296
114,10037
114,10104
114,10105
114,10111
114,10163
115,244
115,291
115,292
115,842
115,844
115,10037
115,10129
115,10131
115,10138
115,10139
115,10163
116,229
116,282
116,294
116,295
116,296
116,297
116,889
116,890
116,10010
116,10017
116,10037
116,10056
116,10090
116,10123
116,10125
116,10129
116,10131
116,10153
116,10155
116,10163
116,10172
116,10224
117,221
117,241
117,389
117,10010
117,10011
117,10037
117,10038
117,10049
117,10054
117,10092
117,10135
117,10163
117,10172
117,10187
117,10202
118,91
118,307
118,10037
118,10038
118,10054
118,10162
118,10163
119,255
119,298
119,299
119,300
119,829
119,852
119,1342
119,1343
119,1345
119,10026
119,10037
119,10049
119,10092
119,10119
119,10121
119,10137
119,10142
119,10156
119,10157
119,10158
119,10159
119,10161
119,10163
119,10202
119,10278
121,255
121,941
121,10037
121,10121
121,10142
121,10163
122,103
122,229
122,302
122,10000
122,10001
122,10013
122,10032
122,10037
122,10129
122,10131
122,10163
122,10211
123,246
123,303
123,304
123,305
123,306
123,369
123,758
123,995
123,10037
123,10119
123,10120
123,10141
123,10163
124,221
124,241
124,985
124,10010
124,10011
124,10037
124,10038
124,10049
124,10054
124,10092
124,10135
124,10163
124,10172
124,10187
124,10202
126,91
126,102
126,221
126,307
126,1027
126,10037
126,10038
126,10054
126,10056
126,10057
126,10143
126,10162
126,10163
127,308
127,858
127,10037
127,10138
127,10140
127,10163
127,10164
128,309
128,370
128,10037
128,10119
128,10145
128,10163
128,10166
129,245
129,310
129,311
129,312
129,1318
129,10037
129,10121
129,10138
129,10139
129,10140
129,10163
129,10167
130,110
130,221
130,313
130,315
130,316
130,317
130,318
130,319
130,320
130,321
130,921
130,1196
130,1198
130,10010
130,10017
130,10037
130,10038
130,10054
130,10056
130,10057
130,10058
130,10087
130,10090
130,10121
130,10123
130,10125
130,10128
130,10134
130,10163
130,10169
130,10170
130,10171
130,10172
130,10173
130,10175
130,10224
131,91
131,307
131,914
131,10037
131,10038
131,10054
131,10162
131,10163
132,229
132,291
132,322
132,323
132,1331
132,10017
132,10021
132,10036
132,10037
132,10129
132,10131
132,10163
132,10176
132,10224
133,324
133,325
133,988
133,989
133,990
133,10017
133,10080
133,10081
133,10123
133,10177
133,10224
134,224
134,326
134,327
134,328
134,329
134,330
134,755
134,756
134,10010
134,10011
134,10012
134,10017
134,10037
134,10058
134,10095
134,10104
134,10111
134,10146
134,10163
134,10172
134,10178
134,10224
135,91
135,229
135,1158
135,10000
135,10032
135,10037
135,10038
135,10040
135,10054
135,10129
135,10131
135,10163
135,10211
136,169
136,182
136,197
136,331
136,332
136,333
136,758
136,10037
136,10068
136,10069
136,10086
136,10099
136,10102
136,10104
136,10108
136,10111
136,10119
136,10120
136,10141
136,10163
136,10178
137,773
137,774
137,775
137,776
137,777
137,10017
137,10021
137,10037
137,10129
137,10130
137,10131
137,10138
137,10139
137,10163
137,10224
138,229
138,244
138,272
138,1016
138,10037
138,10129
138,10131
138,10138
138,10139
138,10163
139,91
139,103
139,307
139,881
139,883
139,10000
139,10001
139,10013
139,10037
139,10038
139,10054
139,10119
139,10143
139,10152
139,10162
139,10163
139,10211
140,198
140,242
140,334
140,335
140,336
140,10037
140,10049
140,10092
140,10104
140,10119
140,10121
140,10122
140,10136
140,10141
140,10146
140,10163
140,10202
141,229
141,338
141,10037
141,10121
141,10129
141,10131
141,10163
142,244
142,318
142,339
142,340
142,341
142,342
142,344
142,10017
142,10037
142,10121
142,10123
142,10134
142,10138
142,10139
142,10142
142,10163
142,10171
142,10179
142,10180
142,10224
143,242
143,311
143,346
143,348
143,349
143,350
143,962
143,1189
143,1209
143,10037
143,10038
143,10049
143,10054
143,10068
143,10086
143,10092
143,10102
143,10121
143,10136
143,10163
143,10167
143,10202
144,229
144,244
144,351
144,10037
144,10104
144,10129
144,10131
144,10138
144,10139
144,10163
145,255
145,352
145,353
145,354
145,422
145,1312
145,1313
145,1314
145,10037
145,10038
145,10039
145,10049
145,10121
145,10138
145,10142
145,10158
145,10159
145,10163
145,10181
145,10202
147,229
147,244
147,10037
147,10129
147,10131
147,10138
147,10139
147,10163
148,5
148,197
148,244
148,257
148,369
148,993
148,994
148,10010
148,10011
148,10012
148,10017
148,10037
148,10058
148,10090
148,10091
148,10119
148,10120
148,10121
148,10138
148,10139
148,10142
148,10163
148,10172
148,10224
148,10296
149,305
149,845
149,10037
149,10119
149,10120
149,10141
149,10163
151,255
151,355
151,356
151,10037
151,10119
151,10120
151,10121
151,10142
151,10163
152,91
152,221
152,313
152,334
152,357
152,358
152,359
152,842
152,847
152,910
152,912
152,10010
152,10017
152,10037
152,10038
152,10054
152,10058
152,10087
152,10089
152,10090
152,10119
152,10121
152,10123
152,10125
152,10128
152,10134
152,10141
152,10153
152,10163
152,10167
152,10172
152,10224
153,872
153,10037
153,10119
153,10152
153,10163
155,362
155,363
155,364
155,365
155,1347
155,10037
155,10038
155,10054
155,10138
155,10143
155,10150
155,10162
155,10163
155,10184
156,365
156,366
156,10010
156,10037
156,10038
156,10054
156,10087
156,10088
156,10163
156,10172
158,367
158,368
158,369
158,370
158,10017
158,10037
158,10038
158,10080
158,10119
158,10120
158,10145
158,10163
158,10224
159,91
159,371
159,372
159,1083
159,10037
159,10038
159,10049
159,10050
159,10054
159,10154
159,10163
159,10202
160,373
160,374
160,10037
160,10121
160,10142
160,10163
160,10171
161,91
161,221
161,279
161,1067
161,10037
161,10038
161,10054
161,10163
162,91
162,375
162,376
162,870
162,1160
162,10000
162,10017
162,10032
162,10037
162,10038
162,10040
162,10054
162,10058
162,10123
162,10124
162,10153
162,10163
162,10211
162,10224
163,365
163,1100
163,10010
163,10037
163,10038
163,10054
163,10087
163,10144
163,10163
163,10172
164,75
164,91
164,377
164,1290
164,10000
164,10032
164,10037
164,10038
164,10039
164,10040
164,10049
164,10050
164,10051
164,10054
164,10163
164,10202
164,10211
165,378
165,379
165,380
165,904
165,905
165,906
165,907
165,908
165,10026
165,10027
165,10028
165,10049
165,10050
165,10158
165,10185
165,10188
165,10202
165,10278
166,381
166,382
166,10017
166,10021
166,10023
166,10064
166,10115
166,10224
167,378
167,379
167,383
167,841
167,863
167,983
167,984
167,10049
167,10050
167,10158
167,10185
167,10186
167,10192
167,10202
167,10207
168,91
168,157
168,159
168,160
168,241
168,384
168,385
168,386
168,387
168,388
168,389
168,962
168,10010
168,10011
168,10037
168,10038
168,10049
168,10054
168,10068
168,10078
168,10087
168,10089
168,10092
168,10093
168,10094
168,10102
168,10135
168,10136
168,10137
168,10163
168,10172
168,10187
168,10202
170,198
170,378
170,390
170,1023
170,1024
170,1025
170,1026
170,10037
170,10049
170,10050
170,10121
170,10122
170,10158
170,10163
170,10188
170,10192
170,10202
170,10207
171,954
171,955
171,956
171,957
171,10049
171,10192
171,10202
171,10300
172,198
172,289
172,390
172,391
172,1265
172,1266
172,1267
172,1268
172,1269
172,10000
172,10032
172,10033
172,10037
172,10049
172,10121
172,10122
172,10158
172,10159
172,10163
172,10188
172,10202
172,10211
173,383
173,863
173,10049
173,10158
173,10186
173,10202
174,19
174,1309
174,10017
174,10021
174,10022
174,10224
177,42
177,116
177,198
177,215
177,289
177,383
177,390
177,392
177,393
177,394
177,1110
177,10003
177,10004
177,10026
177,10027
177,10028
177,10037
177,10047
177,10049
177,10055
177,10067
177,10073
177,10121
177,10122
177,10156
177,10158
177,10163
177,10186
177,10188
177,10189
177,10190
177,10191
177,10202
177,10249
177,10278
178,396
178,397
178,398
178,399
178,841
178,980
178,10003
178,10047
178,10049
178,10055
178,10073
178,10074
178,10158
178,10192
178,10193
178,10202
178,10207
178,10249
179,91
179,400
179,401
179,402
179,403
179,869
179,1165
179,1329
179,10000
179,10032
179,10037
179,10038
179,10039
179,10040
179,10054
179,10163
179,10211
180,152
180,197
180,198
180,243
180,289
180,369
180,404
180,10010
180,10011
180,10037
180,10049
180,10083
180,10092
180,10119
180,10120
180,10121
180,10122
180,10137
180,10152
180,10163
180,10172
180,10202
182,405
182,406
182,407
182,1142
182,10003
182,10037
182,10047
182,10049
182,10092
182,10121
182,10142
182,10158
182,10163
182,10194
182,10202
182,10249
183,408
183,409
183,10017
183,10049
183,10064
183,10195
183,10197
183,10202
183,10224
184,1279
184,10049
184,10092
184,10093
184,10202
186,221
186,282
186,370
186,410
186,1179
186,1180
186,1181
186,1182
186,10017
186,10037
186,10038
186,10054
186,10119
186,10123
186,10145
186,10153
186,10163
186,10179
186,10224
187,29
187,242
187,411
187,412
187,413
187,786
187,788
187,789
187,10000
187,10010
187,10011
187,10026
187,10032
187,10034
187,10035
187,10049
187,10092
187,10116
187,10135
187,10136
187,10156
187,10172
187,10198
187,10199
187,10200
187,10202
187,10211
187,10278
189,365
189,414
189,415
189,1044
189,1046
189,1047
189,10037
189,10038
189,10049
189,10050
189,10054
189,10154
189,10163
189,10202
190,416
190,417
190,418
190,419
190,10003
190,10049
190,10073
190,10158
190,10159
190,10186
190,10197
190,10202
190,10249
191,91
191,242
191,420
191,421
191,799
191,1043
191,1167
191,1169
191,10017
191,10037
191,10038
191,10049
191,10050
191,10054
191,10056
191,10092
191,10123
191,10136
191,10154
191,10163
191,10179
191,10202
191,10203
191,10224
191,10301
192,198
192,242
192,390
192,422
192,423
192,1265
192,1280
192,1282
192,10037
192,10049
192,10092
192,10121
192,10122
192,10136
192,10142
192,10158
192,10159
192,10163
192,10188
192,10190
192,10202
193,223
193,242
193,424
193,425
193,10000
193,10017
193,10032
193,10033
193,10049
193,10058
193,10092
193,10095
193,10135
193,10136
193,10202
193,10211
193,10224
194,6
194,8
194,75
194,82
194,116
194,134
194,161
194,215
194,378
194,429
194,430
194,431
194,432
194,1123
194,1124
194,1125
194,1126
194,1127
194,10000
194,10001
194,10003
194,10004
194,10013
194,10017
194,10018
194,10024
194,10026
194,10027
194,10032
194,10033
194,10042
194,10047
194,10049
194,10050
194,10051
194,10053
194,10055
194,10058
194,10067
194,10073
194,10074
194,10092
194,10095
194,10135
194,10156
194,10158
194,10198
194,10202
194,10205
194,10211
194,10224
194,10231
194,10249
194,10278
195,91
195,241
195,433
195,434
195,781
195,782
195,783
195,785
195,10037
195,10038
195,10049
195,10054
195,10092
195,10093
195,10121
195,10122
195,10135
195,10163
195,10202
196,435
196,1251
196,1252
196,1253
196,10000
196,10017
196,10032
196,10033
196,10058
196,10095
196,10211
196,10224
197,900
197,901
197,902
197,903
197,10049
197,10050
197,10158
197,10186
197,10202
198,398
198,1238
198,1240
198,10003
198,10017
198,10021
198,10022
198,10047
198,10055
198,10224
198,10249
199,436
199,437
199,438
199,439
199,1098
199,10026
199,10027
199,10037
199,10049
199,10121
199,10142
199,10158
199,10159
199,10163
199,10202
199,10206
199,10278
200,440
200,441
200,442
200,443
200,444
200,838
200,839
200,840
200,841
200,10003
200,10049
200,10073
200,10192
200,10193
200,10202
200,10207
200,10208
200,10249
200,10297
201,42
201,392
201,393
201,446
201,1131
201,1132
201,1133
201,10003
201,10026
201,10027
201,10028
201,10049
201,10073
201,10074
201,10156
201,10158
201,10189
201,10190
201,10199
201,10200
201,10202
201,10249
201,10278
202,390
202,447
202,448
202,449
202,915
202,916
202,1348
202,1349
202,10026
202,10027
202,10049
202,10050
202,10158
202,10185
202,10188
202,10202
202,10206
202,10210
202,10278
203,221
203,241
203,450
203,451
203,1258
203,1259
203,1260
203,1350
203,10000
203,10017
203,10032
203,10033
203,10037
203,10038
203,10041
203,10049
203,10054
203,10058
203,10092
203,10135
203,10163
203,10202
203,10211
203,10212
203,10224
204,95
204,432
204,452
204,453
204,455
204,1128
204,1129
204,1130
204,10003
204,10017
204,10018
204,10047
204,10055
204,10151
204,10205
204,10213
204,10224
204,10249
205,19
205,454
205,455
205,456
205,457
205,458
205,459
205,460
205,461
205,937
205,1291
205,10017
205,10018
205,10021
205,10022
205,10037
205,10129
205,10163
205,10176
205,10205
205,10213
205,10224
207,455
207,462
207,463
207,464
207,465
207,835
207,836
207,837
207,10017
207,10018
207,10205
207,10213
207,10215
207,10224
208,466
208,467
208,468
208,469
208,470
208,10017
208,10018
208,10068
208,10069
208,10102
208,10108
208,10205
208,10215
208,10224
209,873
209,874
209,875
209,876
209,877
209,10017
209,10018
209,10019
209,10021
209,10023
209,10151
209,10213
209,10224
210,432
210,472
210,473
210,474
210,10017
210,10018
210,10049
210,10092
210,10137
210,10151
210,10202
210,10205
210,10213
210,10224
212,475
212,476
212,477
212,10017
212,10018
212,10026
212,10027
212,10068
212,10078
212,10102
212,10151
212,10218
212,10221
212,10224
212,10278
213,478
213,479
213,480
213,1228
213,1229
213,1230
213,1231
213,1232
213,10017
213,10018
213,10021
213,10046
213,10068
213,10069
213,10070
213,10102
213,10151
213,10205
213,10213
213,10224
215,19
215,182
215,432
215,452
215,482
215,483
215,484
215,10017
215,10018
215,10021
215,10022
215,10026
215,10027
215,10068
215,10069
215,10102
215,10107
215,10108
215,10151
215,10205
215,10213
215,10224
215,10278
216,182
216,196
216,485
216,486
216,487
216,488
216,971
216,972
216,974
216,10010
216,10017
216,10021
216,10022
216,10023
216,10068
216,10069
216,10075
216,10086
216,10090
216,10102
216,10108
216,10172
216,10224
218,1136
218,1261
218,1262
218,1263
218,1264
218,10017
218,10018
218,10213
218,10215
218,10224
219,750
219,751
219,752
219,753
219,10010
219,10011
219,10012
219,10017
219,10018
219,10021
219,10036
219,10151
219,10172
219,10224
220,1136
220,1137
220,1138
220,10017
220,10080
220,10177
220,10213
220,10224
221,19
221,118
221,221
221,432
221,1021
221,1022
221,10017
221,10018
221,10021
221,10022
221,10037
221,10038
221,10054
221,10068
221,10069
221,10070
221,10102
221,10108
221,10151
221,10163
221,10205
221,10224
222,489
222,490
222,491
222,492
222,493
222,494
222,1170
222,1171
222,1172
222,1173
222,1174
222,10010
222,10017
222,10018
222,10021
222,10022
222,10037
222,10090
222,10119
222,10151
222,10152
222,10163
222,10172
222,10213
222,10215
222,10224
222,10226
222,10228
223,432
223,452
223,495
223,496
223,10017
223,10018
223,10151
223,10205
223,10213
223,10224
224,19
224,432
224,452
224,494
224,498
224,499
224,937
224,938
224,939
224,940
224,10017
224,10018
224,10021
224,10022
224,10151
224,10205
224,10213
224,10224
225,1157
225,1275
225,1276
225,1278
225,10017
225,10021
225,10022
225,10224
226,19
226,182
226,500
226,501
226,502
226,859
226,10010
226,10017
226,10021
226,10022
226,10030
226,10068
226,10069
226,10084
226,10086
226,10087
226,10088
226,10090
226,10102
226,10106
226,10108
226,10172
226,10224
226,10244
227,19
227,10017
227,10021
227,10022
227,10224
229,19
229,412
229,503
229,504
229,1156
229,1157
229,10017
229,10021
229,10022
229,10026
229,10027
229,10037
229,10038
229,10049
229,10092
229,10107
229,10135
229,10163
229,10202
229,10224
229,10278
231,108
231,116
231,163
231,215
231,506
231,790
231,791
231,792
231,793
231,794
231,10003
231,10004
231,10026
231,10030
231,10047
231,10055
231,10062
231,10067
231,10068
231,10078
231,10102
231,10112
231,10229
231,10230
231,10233
231,10244
231,10249
231,10278
231,10295
232,394
232,507
232,508
232,509
232,510
232,511
232,1241
232,1242
232,10003
232,10037
232,10038
232,10054
232,10062
232,10063
232,10073
232,10163
232,10191
232,10229
232,10231
232,10249
233,512
233,513
233,514
233,515
233,878
233,879
233,880
233,1352
233,1353
233,1354
233,1355
233,1356
233,10003
233,10030
233,10049
233,10062
233,10076
233,10192
233,10193
233,10202
233,10232
233,10233
233,10234
233,10236
233,10238
233,10244
233,10249
234,516
234,517
234,518
234,519
234,520
234,864
234,865
234,866
234,867
234,10003
234,10026
234,10047
234,10048
234,10112
234,10229
234,10230
234,10239
234,10240
234,10249
234,10278
235,521
235,522
235,523
235,524
235,1357
235,1358
235,1359
235,10003
235,10030
235,10062
235,10229
235,10230
235,10233
235,10234
235,10236
235,10242
235,10244
235,10249
236,42
236,525
236,917
236,919
236,10003
236,10017
236,10026
236,10027
236,10028
236,10030
236,10031
236,10062
236,10063
236,10064
236,10224
236,10244
236,10245
236,10248
236,10249
236,10278
237,108
237,116
237,526
237,527
237,992
237,10003
237,10004
237,10049
237,10062
237,10067
237,10192
237,10193
237,10202
237,10229
237,10240
237,10249
238,42
238,215
238,394
238,528
238,530
238,531
238,532
238,533
238,928
238,10003
238,10017
238,10026
238,10027
238,10028
238,10047
238,10048
238,10055
238,10064
238,10073
238,10156
238,10189
238,10191
238,10194
238,10224
238,10248
238,10249
238,10278
239,527
239,604
239,997
239,999
239,1000
239,10017
239,10026
239,10049
239,10064
239,10156
239,10189
239,10192
239,10193
239,10202
239,10224
239,10248
239,10278
240,534
240,535
240,536
240,537
240,538
240,539
240,765
240,1146
240,1147
240,1149
240,1150
240,10003
240,10026
240,10047
240,10061
240,10073
240,10156
240,10189
240,10194
240,10229
240,10231
240,10246
240,10249
240,10278
241,42
241,540
241,541
241,542
241,543
241,544
241,928
241,10003
241,10017
241,10026
241,10027
241,10028
241,10064
241,10073
241,10191
241,10195
241,10224
241,10231
241,10248
241,10249
241,10278
242,42
242,108
242,116
242,162
242,163
242,506
242,519
242,526
242,1103
242,1302
242,1303
242,10003
242,10004
242,10010
242,10026
242,10027
242,10028
242,10062
242,10067
242,10068
242,10078
242,10090
242,10096
242,10102
242,10172
242,10229
242,10230
242,10240
242,10249
242,10260
242,10278
243,520
243,545
243,546
243,547
243,929
243,930
243,931
243,10000
243,10003
243,10026
243,10032
243,10033
243,10047
243,10048
243,10068
243,10096
243,10102
243,10112
243,10211
243,10249
243,10267
243,10278
243,10293
244,42
244,116
244,215
244,393
244,548
244,549
244,765
244,766
244,767
244,768
244,10003
244,10004
244,10026
244,10027
244,10028
244,10030
244,10047
244,10049
244,10055
244,10062
244,10067
244,10073
244,10076
244,10084
244,10158
244,10186
244,10190
244,10194
244,10202
244,10231
244,10244
244,10247
244,10249
244,10278
245,163
245,526
245,550
245,754
245,10003
245,10068
245,10078
245,10102
245,10229
245,10240
245,10249
246,551
246,928
246,1225
246,10017
246,10064
246,10224
246,10248
247,105
247,108
247,116
247,215
247,393
247,526
247,1175
247,1176
247,1177
247,1178
247,10003
247,10004
247,10030
247,10031
247,10047
247,10049
247,10055
247,10060
247,10062
247,10067
247,10158
247,10190
247,10202
247,10229
247,10240
247,10244
247,10249
248,42
248,116
248,162
248,163
248,519
248,550
248,552
248,553
248,554
248,555
248,867
248,1103
248,1104
248,1105
248,10003
248,10004
248,10026
248,10027
248,10028
248,10047
248,10067
248,10068
248,10069
248,10075
248,10078
248,10096
248,10102
248,10194
248,10229
248,10230
248,10240
248,10249
248,10250
248,10278
249,108
249,556
249,557
249,558
249,10003
249,10017
249,10047
249,10048
249,10062
249,10064
249,10076
249,10224
249,10248
249,10249
250,559
250,560
250,561
250,562
250,563
250,564
250,565
250,566
250,567
250,10003
250,10026
250,10047
250,10061
250,10112
250,10156
250,10189
250,10194
250,10229
250,10239
250,10246
250,10249
250,10278
251,215
251,393
251,431
251,506
251,526
251,568
251,1283
251,1284
251,1285
251,1286
251,10003
251,10047
251,10049
251,10055
251,10073
251,10074
251,10158
251,10190
251,10194
251,10199
251,10200
251,10202
251,10229
251,10230
251,10240
251,10249
252,42
252,105
252,116
252,215
252,392
252,527
252,10003
252,10004
252,10026
252,10027
252,10028
252,10030
252,10031
252,10047
252,10049
252,10055
252,10060
252,10067
252,10156
252,10189
252,10192
252,10193
252,10202
252,10244
252,10249
252,10278
253,42
253,519
253,570
253,571
253,572
253,573
253,574
253,10003
253,10017
253,10026
253,10027
253,10028
253,10062
253,10063
253,10064
253,10065
253,10156
253,10157
253,10224
253,10229
253,10240
253,10249
253,10278
254,394
254,575
254,576
254,577
254,1017
254,1019
254,10003
254,10017
254,10049
254,10062
254,10064
254,10073
254,10158
254,10186
254,10191
254,10202
254,10224
254,10232
254,10236
254,10249
254,10253
254,10255
255,376
255,578
255,580
255,581
255,582
255,1068
255,1069
255,1070
255,1071
255,10010
255,10011
255,10012
255,10017
255,10026
255,10027
255,10037
255,10038
255,10056
255,10107
255,10123
255,10124
255,10143
255,10153
255,10163
255,10170
255,10172
255,10224
255,10278
256,82
256,430
256,10000
256,10024
256,10049
256,10053
256,10092
256,10135
256,10202
256,10211
257,583
257,584
257,585
257,586
257,10003
257,10026
257,10073
257,10156
257,10157
257,10189
257,10249
257,10256
257,10257
257,10278
258,587
258,588
258,589
258,590
258,591
258,1143
258,1144
258,1145
258,10010
258,10011
258,10049
258,10090
258,10092
258,10093
258,10172
258,10187
258,10202
258,10258
258,10259
258,10260
259,586
259,592
259,593
259,594
259,595
259,596
259,597
259,598
259,1192
259,1193
259,1194
259,1360
259,1361
259,10003
259,10026
259,10030
259,10031
259,10060
259,10112
259,10156
259,10198
259,10229
259,10239
259,10244
259,10246
259,10249
259,10256
259,10257
259,10261
259,10262
259,10264
259,10278
260,318
260,599
260,600
260,601
260,602
260,1057
260,1058
260,10026
260,10030
260,10037
260,10121
260,10163
260,10171
260,10233
260,10244
260,10256
260,10262
260,10265
260,10266
260,10278
261,594
261,604
261,605
261,606
261,607
261,608
261,1215
261,10003
261,10017
261,10026
261,10030
261,10049
261,10062
261,10064
261,10076
261,10084
261,10115
261,10156
261,10192
261,10193
261,10202
261,10224
261,10244
261,10247
261,10249
261,10256
261,10261
261,10278
262,430
262,592
262,609
262,822
262,823
262,824
262,825
262,826
262,10026
262,10049
262,10092
262,10112
262,10135
262,10156
262,10198
262,10202
262,10256
262,10267
262,10276
262,10278
263,610
263,611
263,612
263,613
263,614
263,615
263,616
263,617
263,618
263,619
263,620
263,647
263,1063
263,10000
263,10010
263,10011
263,10032
263,10033
263,10035
263,10083
263,10172
263,10211
263,10269
263,10271
265,621
265,622
265,623
265,624
265,625
265,626
265,824
265,1298
265,1299
265,10017
265,10026
265,10037
265,10064
265,10121
265,10123
265,10153
265,10156
265,10163
265,10171
265,10195
265,10198
265,10224
265,10256
265,10262
265,10273
265,10278
266,187
266,429
266,643
266,1134
266,10026
266,10027
266,10028
266,10037
266,10104
266,10111
266,10163
266,10278
266,10305
267,29
267,627
267,628
267,629
267,630
267,647
267,891
267,892
267,893
267,10000
267,10010
267,10011
267,10012
267,10026
267,10032
267,10034
267,10035
267,10037
267,10056
267,10083
267,10112
267,10163
267,10170
267,10172
267,10211
267,10275
267,10278
268,5
268,8
268,89
268,631
268,632
268,633
268,1002
268,1003
268,10000
268,10001
268,10010
268,10011
268,10012
268,10013
268,10016
268,10032
268,10033
268,10035
268,10037
268,10104
268,10163
268,10172
268,10187
268,10211
269,634
269,635
269,636
269,637
269,963
269,1323
269,1324
269,10000
269,10026
269,10032
269,10033
269,10035
269,10041
269,10112
269,10211
269,10278
270,586
270,638
270,639
270,640
270,641
270,642
270,643
270,644
270,1215
270,1227
270,10017
270,10026
270,10027
270,10028
270,10049
270,10064
270,10092
270,10093
270,10115
270,10116
270,10202
270,10224
270,10256
270,10257
270,10262
270,10265
270,10276
270,10278
271,645
271,646
271,10017
271,10021
271,10022
271,10224
271,10277
272,91
272,963
272,964
272,10000
272,10032
272,10035
272,10037
272,10038
272,10041
272,10054
272,10163
272,10211
273,29
273,76
273,1291
273,1292
273,10000
273,10010
273,10011
273,10017
273,10032
273,10034
273,10035
273,10058
273,10172
273,10211
273,10224
274,647
274,648
274,649
274,891
274,1186
274,1187
274,10000
274,10010
274,10011
274,10032
274,10035
274,10068
274,10078
274,10082
274,10083
274,10102
274,10172
274,10211
276,29
276,520
276,650
276,651
276,652
276,653
276,654
276,655
276,10003
276,10004
276,10005
276,10010
276,10011
276,10026
276,10034
276,10047
276,10048
276,10067
276,10073
276,10074
276,10112
276,10172
276,10249
276,10258
276,10259
276,10278
277,656
277,657
277,658
277,823
277,10026
277,10049
277,10156
277,10198
277,10199
277,10202
277,10256
277,10273
277,10278
278,585
278,594
278,659
278,660
278,661
278,662
278,663
278,664
278,853
278,855
278,10017
278,10026
278,10037
278,10049
278,10056
278,10064
278,10155
278,10156
278,10163
278,10189
278,10192
278,10193
278,10202
278,10224
278,10261
278,10278
278,10280
280,647
280,665
280,666
280,667
280,668
280,1328
280,10000
280,10010
280,10011
280,10032
280,10035
280,10083
280,10172
280,10211
282,860
282,861
282,862
282,10026
282,10068
282,10069
282,10070
282,10102
282,10156
282,10198
282,10278
284,29
284,642
284,1300
284,10010
284,10011
284,10026
284,10034
284,10049
284,10092
284,10093
284,10116
284,10172
284,10202
284,10278
284,10306
285,29
285,1064
285,1065
285,10003
285,10010
285,10011
285,10026
285,10034
285,10112
285,10172
285,10229
285,10249
285,10275
285,10278
285,10302
286,669
286,670
286,671
286,672
286,1074
286,1075
286,10017
286,10026
286,10027
286,10028
286,10064
286,10115
286,10156
286,10189
286,10224
286,10278
288,29
288,673
288,674
288,675
288,676
288,677
288,678
288,679
288,680
288,681
288,1048
288,1049
288,1050
288,10000
288,10003
288,10010
288,10011
288,10032
288,10034
288,10035
288,10040
288,10041
288,10062
288,10172
288,10211
288,10249
288,10269
289,2
289,29
289,42
289,682
289,683
289,684
289,685
289,686
289,1212
289,1363
289,10000
289,10003
289,10004
289,10005
289,10006
289,10010
289,10011
289,10020
289,10026
289,10027
289,10028
289,10032
289,10034
289,10040
289,10062
289,10172
289,10211
289,10232
289,10249
289,10278
290,411
290,643
290,687
290,688
290,690
290,10003
290,10026
290,10027
290,10028
290,10156
290,10198
290,10229
290,10249
290,10256
290,10257
290,10278
290,10283
291,691
291,692
291,693
291,694
291,695
291,795
291,796
291,797
291,798
291,10000
291,10003
291,10004
291,10026
291,10027
291,10028
291,10032
291,10033
291,10067
291,10112
291,10156
291,10189
291,10211
291,10249
291,10278
292,19
292,503
292,697
292,1073
292,10017
292,10021
292,10022
292,10026
292,10027
292,10030
292,10084
292,10085
292,10107
292,10224
292,10244
292,10278
293,6
293,91
293,159
293,161
293,187
293,241
293,329
293,1029
293,1030
293,10000
293,10001
293,10013
293,10017
293,10037
293,10038
293,10049
293,10054
293,10058
293,10059
293,10092
293,10093
293,10095
293,10104
293,10111
293,10135
293,10146
293,10163
293,10202
293,10211
293,10224
293,10296
294,197
294,452
294,698
294,699
294,700
294,701
294,702
294,703
294,704
294,705
294,706
294,717
294,1052
294,10010
294,10011
294,10012
294,10017
294,10018
294,10026
294,10037
294,10090
294,10116
294,10119
294,10120
294,10125
294,10138
294,10151
294,10163
294,10172
294,10181
294,10187
294,10205
294,10224
294,10260
294,10278
294,10284
295,1325
295,1326
295,1327
295,10000
295,10024
295,10025
295,10032
295,10033
295,10041
295,10211
296,91
296,708
296,709
296,710
296,1107
296,1108
296,1109
296,10010
296,10017
296,10037
296,10038
296,10054
296,10056
296,10057
296,10080
296,10087
296,10123
296,10124
296,10163
296,10172
296,10224
296,10285
296,10288
297,275
297,711
297,712
297,713
297,714
297,975
297,976
297,978
297,979
297,10010
297,10017
297,10080
297,10081
297,10087
297,10090
297,10144
297,10172
297,10224
297,10286
297,10287
299,715
299,716
299,717
299,718
299,719
299,993
299,1160
299,10010
299,10011
299,10012
299,10017
299,10037
299,10038
299,10058
299,10080
299,10090
299,10091
299,10128
299,10163
299,10172
299,10224
299,10288
300,1011
300,1012
300,1013
300,1014
300,1015
300,10010
300,10017
300,10049
300,10087
300,10088
300,10092
300,10093
300,10123
300,10124
300,10172
300,10202
300,10224
301,156
301,157
301,199
301,275
301,10010
301,10017
301,10087
301,10088
301,10089
301,10123
301,10124
301,10144
301,10172
301,10224
302,720
302,721
302,722
302,723
302,724
302,763
302,1060
302,1076
302,10010
302,10087
302,10088
302,10144
302,10172
302,10285
303,725
303,726
303,727
303,728
303,729
303,847
303,848
303,849
303,850
303,851
303,10010
303,10017
303,10026
303,10090
303,10112
303,10113
303,10123
303,10134
303,10172
303,10179
303,10224
303,10278
303,10286
303,10290
304,91
304,275
304,721
304,731
304,762
304,763
304,10010
304,10037
304,10038
304,10054
304,10087
304,10088
304,10089
304,10144
304,10163
304,10172
305,799
305,800
305,801
305,802
305,803
305,10010
305,10017
305,10037
305,10056
305,10058
305,10087
305,10163
305,10172
305,10224
305,10296
307,5
307,1254
307,1255
307,1256
307,1257
307,10010
307,10011
307,10012
307,10037
307,10104
307,10105
307,10163
307,10172
308,1060
308,1061
308,10010
308,10087
308,10172
308,10258
308,10259
309,157
309,160
309,199
309,275
309,732
309,733
309,10010
309,10017
309,10068
309,10078
309,10080
309,10087
309,10089
309,10094
309,10102
309,10123
309,10124
309,10144
309,10172
309,10224
309,10288
310,157
310,158
310,160
310,186
310,10010
310,10068
310,10078
310,10087
310,10088
310,10089
310,10090
310,10091
310,10094
310,10102
310,10172
311,104
311,1200
311,1202
311,1203
311,10000
311,10010
311,10011
311,10012
311,10017
311,10032
311,10041
311,10058
311,10059
311,10172
311,10211
311,10224
312,156
312,157
312,199
312,275
312,10010
312,10017
312,10087
312,10088
312,10089
312,10123
312,10124
312,10144
312,10172
312,10224
314,196
314,734
314,735
314,736
314,744
314,896
314,10017
314,10021
314,10022
314,10026
314,10068
314,10086
314,10096
314,10102
314,10112
314,10113
314,10123
314,10179
314,10224
314,10278
314,10293
315,91
315,737
315,738
315,739
315,740
315,741
315,742
315,743
315,1334
315,1335
315,10017
315,10026
315,10037
315,10038
315,10049
315,10054
315,10068
315,10086
315,10096
315,10100
315,10102
315,10112
315,10113
315,10123
315,10143
315,10163
315,10179
315,10199
315,10202
315,10224
315,10267
315,10278
315,10307
319,812
319,813
319,814
319,815
319,10010
319,10017
319,10021
319,10023
319,10037
319,10056
319,10087
319,10089
319,10123
319,10153
319,10163
319,10170
319,10172
319,10224
321,592
321,744
321,745
321,10017
321,10026
321,10068
321,10097
321,10098
321,10102
321,10123
321,10156
321,10179
321,10198
321,10224
321,10278
326,91
326,746
326,747
326,748
326,749
326,824
326,1237
326,10026
326,10037
326,10038
326,10054
326,10056
326,10156
326,10163
326,10170
326,10198
326,10278
